Label,# Samples,Average,Median,90% Line,95% Line,99% Line,Min,Max,Error %,Throughput,Received KB/sec,Sent KB/sec
Gold Price API Test:GET Gold Price,30000,796,789,1121,1283,1699,0,1825,0.000%,817.23828,262.55,98.64
Gold Price API Test:View Gold Price Page,30000,1109,1137,1385,1503,1992,0,2208,0.000%,814.02290,4343.58,100.64
Gold Price API Test:Add Gold Price,3000,3132,3244,5026,5268,5568,3,5664,0.000%,82.20079,31.84,26.78
TOTAL,63000,1056,1007,1402,1780,4642,0,5664,0.000%,1700.45075,4612.22,224.23
