{
  "GET viewer/:id" : {
    "transaction" : "GET viewer/:id",
    "sampleCount" : 65000,
    "errorCount" : 0,
    "errorPct" : 0.0,
    "meanResTime" : 804.7863230769284,
    "medianResTime" : 978.0,
    "minResTime" : 192.0,
    "maxResTime" : 3752.0,
    "pct1ResTime" : 1535.0,
    "pct2ResTime" : 1659.0,
    "pct3ResTime" : 1807.0,
    "throughput" : 385.3221886300314,
    "receivedKBytesPerSec" : 3341.08956332622,
    "sentKBytesPerSec" : 59.45400957377438
  },
  "POST Add Price" : {
    "transaction" : "POST Add Price",
    "sampleCount" : 65000,
    "errorCount" : 0,
    "errorPct" : 0.0,
    "meanResTime" : 12303.266707692284,
    "medianResTime" : 7440.0,
    "minResTime" : 988.0,
    "maxResTime" : 20197.0,
    "pct1ResTime" : 8289.0,
    "pct2ResTime" : 8462.0,
    "pct3ResTime" : 8778.0,
    "throughput" : 376.7853830458171,
    "receivedKBytesPerSec" : 277.4376802863714,
    "sentKBytesPerSec" : 172.08005253801184
  },
  "Total" : {
    "transaction" : "Total",
    "sampleCount" : 195000,
    "errorCount" : 0,
    "errorPct" : 0.0,
    "meanResTime" : 5881.083461538559,
    "medianResTime" : 1543.0,
    "minResTime" : 192.0,
    "maxResTime" : 20197.0,
    "pct1ResTime" : 7663.0,
    "pct2ResTime" : 7825.0,
    "pct3ResTime" : 8112.970000000005,
    "throughput" : 1122.8385358185494,
    "receivedKBytesPerSec" : 3838.5580807576425,
    "sentKBytesPerSec" : 285.33940291441377
  },
  "GET Lastest Price" : {
    "transaction" : "GET Lastest Price",
    "sampleCount" : 65000,
    "errorCount" : 0,
    "errorPct" : 0.0,
    "meanResTime" : 4535.197353846174,
    "medianResTime" : 1864.5,
    "minResTime" : 201.0,
    "maxResTime" : 15690.0,
    "pct1ResTime" : 3680.0,
    "pct2ResTime" : 4234.0,
    "pct3ResTime" : 4770.0,
    "throughput" : 378.3248937780106,
    "receivedKBytesPerSec" : 321.05895274940343,
    "sentKBytesPerSec" : 57.265975132413715
  }
}