{
  "GET viewer/:id" : {
    "transaction" : "GET viewer/:id",
    "sampleCount" : 65000,
    "errorCount" : 0,
    "errorPct" : 0.0,
    "meanResTime" : 688.0547538461489,
    "medianResTime" : 680.5,
    "minResTime" : 115.0,
    "maxResTime" : 3296.0,
    "pct1ResTime" : 1344.0,
    "pct2ResTime" : 1533.0,
    "pct3ResTime" : 2093.0,
    "throughput" : 444.389750321328,
    "receivedKBytesPerSec" : 3853.258391702218,
    "sentKBytesPerSec" : 68.56794975661116
  },
  "POST Add Price" : {
    "transaction" : "POST Add Price",
    "sampleCount" : 65000,
    "errorCount" : 0,
    "errorPct" : 0.0,
    "meanResTime" : 10356.881030769297,
    "medianResTime" : 6592.0,
    "minResTime" : 1064.0,
    "maxResTime" : 16828.0,
    "pct1ResTime" : 7339.0,
    "pct2ResTime" : 7469.0,
    "pct3ResTime" : 7626.0,
    "throughput" : 437.64854801677876,
    "receivedKBytesPerSec" : 322.2529413454158,
    "sentKBytesPerSec" : 199.8766101994836
  },
  "Total" : {
    "transaction" : "Total",
    "sampleCount" : 195000,
    "errorCount" : 0,
    "errorPct" : 0.0,
    "meanResTime" : 4990.947641025726,
    "medianResTime" : 1328.0,
    "minResTime" : 115.0,
    "maxResTime" : 16828.0,
    "pct1ResTime" : 6834.9000000000015,
    "pct2ResTime" : 7124.0,
    "pct3ResTime" : 7440.0,
    "throughput" : 1302.7183389339089,
    "receivedKBytesPerSec" : 4453.498702970615,
    "sentKBytesPerSec" : 331.05104709118024
  },
  "GET Lastest Price" : {
    "transaction" : "GET Lastest Price",
    "sampleCount" : 65000,
    "errorCount" : 0,
    "errorPct" : 0.0,
    "meanResTime" : 3927.907138461498,
    "medianResTime" : 1979.0,
    "minResTime" : 121.0,
    "maxResTime" : 8038.0,
    "pct1ResTime" : 3623.0,
    "pct2ResTime" : 3894.0,
    "pct3ResTime" : 4377.0,
    "throughput" : 439.88765945927656,
    "receivedKBytesPerSec" : 373.3031016309681,
    "sentKBytesPerSec" : 66.58455782830846
  }
}