{
  "GET Vendors" : {
    "transaction" : "GET Vendors",
    "sampleCount" : 6500,
    "errorCount" : 0,
    "errorPct" : 0.0,
    "meanResTime" : 3161.2660000000033,
    "medianResTime" : 3606.0,
    "minResTime" : 30.0,
    "maxResTime" : 5508.0,
    "pct1ResTime" : 4519.900000000001,
    "pct2ResTime" : 4737.95,
    "pct3ResTime" : 5000.0,
    "throughput" : 61.92835365853659,
    "receivedKBytesPerSec" : 41.426681890720275,
    "sentKBytesPerSec" : 9.373920719798019
  },
  "GET History" : {
    "transaction" : "GET History",
    "sampleCount" : 6500,
    "errorCount" : 0,
    "errorPct" : 0.0,
    "meanResTime" : 3185.9666153846156,
    "medianResTime" : 3597.5,
    "minResTime" : 25.0,
    "maxResTime" : 5890.0,
    "pct1ResTime" : 4737.900000000001,
    "pct2ResTime" : 4982.0,
    "pct3ResTime" : 5269.98,
    "throughput" : 62.24145855676421,
    "receivedKBytesPerSec" : 1242.4669039273163,
    "sentKBytesPerSec" : 9.664445225122568
  },
  "POST Add Price" : {
    "transaction" : "POST Add Price",
    "sampleCount" : 6500,
    "errorCount" : 0,
    "errorPct" : 0.0,
    "meanResTime" : 4033.134000000007,
    "medianResTime" : 4519.5,
    "minResTime" : 13.0,
    "maxResTime" : 7154.0,
    "pct1ResTime" : 5768.0,
    "pct2ResTime" : 6038.0,
    "pct3ResTime" : 6531.99,
    "throughput" : 62.05843039908344,
    "receivedKBytesPerSec" : 45.69537701988257,
    "sentKBytesPerSec" : 28.34245624582299
  },
  "Total" : {
    "transaction" : "Total",
    "sampleCount" : 26000,
    "errorCount" : 0,
    "errorPct" : 0.0,
    "meanResTime" : 2932.721653846139,
    "medianResTime" : 3701.5,
    "minResTime" : 5.0,
    "maxResTime" : 7154.0,
    "pct1ResTime" : 5106.9000000000015,
    "pct2ResTime" : 5559.950000000001,
    "pct3ResTime" : 6197.990000000002,
    "throughput" : 245.21361878713572,
    "receivedKBytesPerSec" : 1361.9135651466565,
    "sentKBytesPerSec" : 56.07506977683203
  },
  "GET Lastest Price" : {
    "transaction" : "GET Lastest Price",
    "sampleCount" : 6500,
    "errorCount" : 0,
    "errorPct" : 0.0,
    "meanResTime" : 1350.5200000000023,
    "medianResTime" : 1349.0,
    "minResTime" : 5.0,
    "maxResTime" : 3011.0,
    "pct1ResTime" : 2057.0,
    "pct2ResTime" : 2250.0,
    "pct3ResTime" : 2488.999999999978,
    "throughput" : 61.94133678934228,
    "receivedKBytesPerSec" : 52.56545084954926,
    "sentKBytesPerSec" : 9.37588593979302
  }
}